Ortholog family / Human transcript	Gene	Description	Branch-specific % subs per site	Norm branch length	Human subs	Chimp subs	Gorilla subs	#1# subs	Gibbon subs	Align overlap	Align Sat	Lower in
ENST00000359741	SLC39A14	solute carrier family 39 member 14 	3.5051546391752595	0.6242201527394036	2.0	0.0	1.0	17.0	4.0	485.0	98.9795918367347	
ENST00000397893	SUMO3	small ubiquitin like modifier 3 	3.2	0.3867099132928573	0.0	0.0	1.0	4.0	3.0	125.0	89.28571428571429	
ENST00000274520	IL9	interleukin 9 	2.77777777777778	0.3331533112108483	0.0	0.0	0.0	4.0	6.0	144.0	100.0	
ENST00000299191	C16orf78	chromosome 16 open reading frame 78 	2.2727272727272703	0.21691105563020005	1.0	1.0	3.0	6.0	16.0	264.0	100.0	
ENST00000345165	CCDC78	coiled-coil domain containing 78 	1.81818181818182	0.2409149699489261	0.0	2.0	5.0	6.0	11.0	330.0	89.1891891891892	
ENST00000568377	TMEM231	transmembrane protein 231 	1.50375939849624	0.33416305479065644	1.0	0.0	2.0	4.0	3.0	266.0	83.91167192429022	
ENST00000396124	NDUFAF6	NADH:ubiquinone oxidoreductase complex assembly factor 6 	1.5015015015015	0.42994417056348905	0.0	1.0	2.0	5.0	1.0	333.0	100.0	Gibbon
ENST00000433976	ZNF778	zinc finger protein 778 	1.33779264214047	0.20401447064928133	5.0	5.0	3.0	8.0	18.0	598.0	98.35526315789474	
